Product ID,URL,URL_Tokens
SAN-0001,https://www.vaxishop.co.uk/uk/en_GB/GBP/influenza/order/0127234098,"gbp, influenza, order"
SAN-0002,https://www.e-mr.sanofi.co.jp/products/apidra,"products, apidra"
SAN-0003,https://www.campus.sanofi/at/profil-erstellen,"profil, erstellen"
SAN-0004,https://www.e-mr.sanofi.co.jp/products/onetaxotere,"products, onetaxotere"
SAN-0005,https://www.e-mr.sanofi.co.jp/products/dupixent_2/product_info/expert_lecture/movie_0013,"products, dupixent, product, info, expert, lecture, movie"
SAN-0006,https://www.e-mr.sanofi.co.jp/products/targocid/faq,"products, targocid, faq"
SAN-0007,https://pro.campus.sanofi/nl/astma/educatie/gina-beveelt-dupixent-aan,"astma, educatie, gina, beveelt, dupixent, aan"
SAN-0008,https://www.sanofipro.fr/fr/fr/EUR/search/synvisc,"eur, search, synvisc"
SAN-0009,https://www.vaxishop.co.uk/uk/en_GB/GBP/influenza/order/0127234098,"gbp, influenza, order"
SAN-0010,https://www.vaxishop.co.uk/uk/en_GB/GBP/influenza/order/0127234098,"gbp, influenza, order"
SAN-0011,https://www.e-mr.sanofi.co.jp/products/apidra,"products, apidra"
SAN-0012,https://www.campus.sanofi/at/profil-erstellen,"profil, erstellen"
SAN-0013,https://www.e-mr.sanofi.co.jp/products/onetaxotere,"products, onetaxotere"
SAN-0014,https://www.e-mr.sanofi.co.jp/products/dupixent_2/product_info/expert_lecture/movie_0013,"products, dupixent, product, info, expert, lecture, movie"
SAN-0015,https://www.e-mr.sanofi.co.jp/products/targocid/faq,"products, targocid, faq"
SAN-0016,https://pro.campus.sanofi/nl/astma/educatie/gina-beveelt-dupixent-aan,"astma, educatie, gina, beveelt, dupixent, aan"
SAN-0017,https://www.sanofipro.fr/fr/fr/EUR/search/synvisc,"eur, search, synvisc"
SAN-0018,https://www.vaxishop.co.uk/uk/en_GB/GBP/influenza/order/0127234098,"gbp, influenza, order"
SAN-0019,https://www.vaxishop.co.uk/uk/en_GB/GBP/influenza/order/0127234098,"gbp, influenza, order"
SAN-0020,https://www.e-mr.sanofi.co.jp/products/apidra,"products, apidra"
SAN-0021,https://www.campus.sanofi/at/profil-erstellen,"profil, erstellen"
SAN-0022,https://www.e-mr.sanofi.co.jp/products/onetaxotere,"products, onetaxotere"
SAN-0023,https://www.e-mr.sanofi.co.jp/products/dupixent_2/product_info/expert_lecture/movie_0013,"products, dupixent, product, info, expert, lecture, movie"
SAN-0024,https://www.e-mr.sanofi.co.jp/products/targocid/faq,"products, targocid, faq"
SAN-0025,https://pro.campus.sanofi/nl/astma/educatie/gina-beveelt-dupixent-aan,"astma, educatie, gina, beveelt, dupixent, aan"
SAN-0026,https://www.sanofipro.fr/fr/fr/EUR/search/synvisc,"eur, search, synvisc"
SAN-0027,https://www.vaxishop.co.uk/uk/en_GB/GBP/influenza/order/0127234098,"gbp, influenza, order"
SAN-0028,https://www.vaxishop.co.uk/uk/en_GB/GBP/influenza/order/0127234098,"gbp, influenza, order"
SAN-0029,https://www.e-mr.sanofi.co.jp/products/apidra,"products, apidra"
SAN-0030,https://www.campus.sanofi/at/profil-erstellen,"profil, erstellen"
SAN-0031,https://www.e-mr.sanofi.co.jp/products/onetaxotere,"products, onetaxotere"
SAN-0032,https://www.e-mr.sanofi.co.jp/products/dupixent_2/product_info/expert_lecture/movie_0013,"products, dupixent, product, info, expert, lecture, movie"
SAN-0033,https://www.e-mr.sanofi.co.jp/products/targocid/faq,"products, targocid, faq"
SAN-0034,https://pro.campus.sanofi/nl/astma/educatie/gina-beveelt-dupixent-aan,"astma, educatie, gina, beveelt, dupixent, aan"
SAN-0035,https://www.sanofipro.fr/fr/fr/EUR/search/synvisc,"eur, search, synvisc"
SAN-0036,https://www.vaxishop.co.uk/uk/en_GB/GBP/influenza/order/0127234098,"gbp, influenza, order"
SAN-0037,https://www.vaxishop.co.uk/uk/en_GB/GBP/influenza/order/0127234098,"gbp, influenza, order"
SAN-0038,https://www.e-mr.sanofi.co.jp/products/apidra,"products, apidra"
SAN-0039,https://www.campus.sanofi/at/profil-erstellen,"profil, erstellen"
SAN-0040,https://www.e-mr.sanofi.co.jp/products/onetaxotere,"products, onetaxotere"
SAN-0041,https://www.e-mr.sanofi.co.jp/products/dupixent_2/product_info/expert_lecture/movie_0013,"products, dupixent, product, info, expert, lecture, movie"
SAN-0042,https://www.e-mr.sanofi.co.jp/products/targocid/faq,"products, targocid, faq"
SAN-0043,https://pro.campus.sanofi/nl/astma/educatie/gina-beveelt-dupixent-aan,"astma, educatie, gina, beveelt, dupixent, aan"
SAN-0044,https://www.sanofipro.fr/fr/fr/EUR/search/synvisc,"eur, search, synvisc"
SAN-0045,https://www.vaxishop.co.uk/uk/en_GB/GBP/influenza/order/0127234098,"gbp, influenza, order"
SAN-0046,https://www.vaxishop.co.uk/uk/en_GB/GBP/influenza/order/0127234098,"gbp, influenza, order"
SAN-0047,https://www.e-mr.sanofi.co.jp/products/apidra,"products, apidra"
SAN-0048,https://www.campus.sanofi/at/profil-erstellen,"profil, erstellen"
SAN-0049,https://www.e-mr.sanofi.co.jp/products/onetaxotere,"products, onetaxotere"
SAN-0050,https://www.e-mr.sanofi.co.jp/products/dupixent_2/product_info/expert_lecture/movie_0013,"products, dupixent, product, info, expert, lecture, movie"
SAN-0051,https://www.e-mr.sanofi.co.jp/products/targocid/faq,"products, targocid, faq"
SAN-0052,https://pro.campus.sanofi/nl/astma/educatie/gina-beveelt-dupixent-aan,"astma, educatie, gina, beveelt, dupixent, aan"
SAN-0053,https://www.sanofipro.fr/fr/fr/EUR/search/synvisc,"eur, search, synvisc"
SAN-0054,https://www.vaxishop.co.uk/uk/en_GB/GBP/influenza/order/0127234098,"gbp, influenza, order"
SAN-0055,https://www.vaxishop.co.uk/uk/en_GB/GBP/influenza/order/0127234098,"gbp, influenza, order"
SAN-0056,https://www.e-mr.sanofi.co.jp/products/apidra,"products, apidra"
SAN-0057,https://www.campus.sanofi/at/profil-erstellen,"profil, erstellen"
SAN-0058,https://www.e-mr.sanofi.co.jp/products/onetaxotere,"products, onetaxotere"
SAN-0059,https://www.e-mr.sanofi.co.jp/products/dupixent_2/product_info/expert_lecture/movie_0013,"products, dupixent, product, info, expert, lecture, movie"
SAN-0060,https://www.e-mr.sanofi.co.jp/products/targocid/faq,"products, targocid, faq"
SAN-0061,https://pro.campus.sanofi/nl/astma/educatie/gina-beveelt-dupixent-aan,"astma, educatie, gina, beveelt, dupixent, aan"
SAN-0062,https://www.sanofipro.fr/fr/fr/EUR/search/synvisc,"eur, search, synvisc"
SAN-0063,https://www.vaxishop.co.uk/uk/en_GB/GBP/influenza/order/0127234098,"gbp, influenza, order"
SAN-0064,https://www.vaxishop.co.uk/uk/en_GB/GBP/influenza/order/0127234098,"gbp, influenza, order"
SAN-0065,https://www.e-mr.sanofi.co.jp/products/apidra,"products, apidra"
SAN-0066,https://www.campus.sanofi/at/profil-erstellen,"profil, erstellen"
SAN-0067,https://www.e-mr.sanofi.co.jp/products/onetaxotere,"products, onetaxotere"
SAN-0068,https://www.e-mr.sanofi.co.jp/products/dupixent_2/product_info/expert_lecture/movie_0013,"products, dupixent, product, info, expert, lecture, movie"
SAN-0069,https://www.e-mr.sanofi.co.jp/products/targocid/faq,"products, targocid, faq"
SAN-0070,https://pro.campus.sanofi/nl/astma/educatie/gina-beveelt-dupixent-aan,"astma, educatie, gina, beveelt, dupixent, aan"
SAN-0071,https://www.sanofipro.fr/fr/fr/EUR/search/synvisc,"eur, search, synvisc"
SAN-0072,https://www.vaxishop.co.uk/uk/en_GB/GBP/influenza/order/0127234098,"gbp, influenza, order"
SAN-0073,https://www.vaxishop.co.uk/uk/en_GB/GBP/influenza/order/0127234098,"gbp, influenza, order"
SAN-0074,https://www.e-mr.sanofi.co.jp/products/apidra,"products, apidra"
SAN-0075,https://www.campus.sanofi/at/profil-erstellen,"profil, erstellen"
SAN-0076,https://www.e-mr.sanofi.co.jp/products/onetaxotere,"products, onetaxotere"
SAN-0077,https://www.e-mr.sanofi.co.jp/products/dupixent_2/product_info/expert_lecture/movie_0013,"products, dupixent, product, info, expert, lecture, movie"
SAN-0078,https://www.e-mr.sanofi.co.jp/products/targocid/faq,"products, targocid, faq"
SAN-0079,https://pro.campus.sanofi/nl/astma/educatie/gina-beveelt-dupixent-aan,"astma, educatie, gina, beveelt, dupixent, aan"
SAN-0080,https://www.sanofipro.fr/fr/fr/EUR/search/synvisc,"eur, search, synvisc"
SAN-0081,https://www.vaxishop.co.uk/uk/en_GB/GBP/influenza/order/0127234098,"gbp, influenza, order"
SAN-0082,https://www.vaxishop.co.uk/uk/en_GB/GBP/influenza/order/0127234098,"gbp, influenza, order"
SAN-0083,https://www.e-mr.sanofi.co.jp/products/apidra,"products, apidra"
SAN-0084,https://www.campus.sanofi/at/profil-erstellen,"profil, erstellen"
SAN-0085,https://www.e-mr.sanofi.co.jp/products/onetaxotere,"products, onetaxotere"
SAN-0086,https://www.e-mr.sanofi.co.jp/products/dupixent_2/product_info/expert_lecture/movie_0013,"products, dupixent, product, info, expert, lecture, movie"
SAN-0087,https://www.e-mr.sanofi.co.jp/products/targocid/faq,"products, targocid, faq"
SAN-0088,https://pro.campus.sanofi/nl/astma/educatie/gina-beveelt-dupixent-aan,"astma, educatie, gina, beveelt, dupixent, aan"
SAN-0089,https://www.sanofipro.fr/fr/fr/EUR/search/synvisc,"eur, search, synvisc"
SAN-0090,https://www.vaxishop.co.uk/uk/en_GB/GBP/influenza/order/0127234098,"gbp, influenza, order"
SAN-0091,https://www.vaxishop.co.uk/uk/en_GB/GBP/influenza/order/0127234098,"gbp, influenza, order"
SAN-0092,https://www.e-mr.sanofi.co.jp/products/apidra,"products, apidra"
SAN-0093,https://www.campus.sanofi/at/profil-erstellen,"profil, erstellen"
SAN-0094,https://www.e-mr.sanofi.co.jp/products/onetaxotere,"products, onetaxotere"
SAN-0095,https://www.e-mr.sanofi.co.jp/products/dupixent_2/product_info/expert_lecture/movie_0013,"products, dupixent, product, info, expert, lecture, movie"
SAN-0096,https://www.e-mr.sanofi.co.jp/products/targocid/faq,"products, targocid, faq"
SAN-0097,https://pro.campus.sanofi/nl/astma/educatie/gina-beveelt-dupixent-aan,"astma, educatie, gina, beveelt, dupixent, aan"
SAN-0098,https://www.sanofipro.fr/fr/fr/EUR/search/synvisc,"eur, search, synvisc"
SAN-0099,https://www.vaxishop.co.uk/uk/en_GB/GBP/influenza/order/0127234098,"gbp, influenza, order"
SAN-0100,https://www.vaxishop.co.uk/uk/en_GB/GBP/influenza/order/0127234098,"gbp, influenza, order"
SAN-0101,https://www.e-mr.sanofi.co.jp/products/apidra,"products, apidra"
SAN-0102,https://www.campus.sanofi/at/profil-erstellen,"profil, erstellen"
SAN-0103,https://www.e-mr.sanofi.co.jp/products/onetaxotere,"products, onetaxotere"
SAN-0104,https://www.e-mr.sanofi.co.jp/products/dupixent_2/product_info/expert_lecture/movie_0013,"products, dupixent, product, info, expert, lecture, movie"
SAN-0105,https://www.e-mr.sanofi.co.jp/products/targocid/faq,"products, targocid, faq"
SAN-0106,https://pro.campus.sanofi/nl/astma/educatie/gina-beveelt-dupixent-aan,"astma, educatie, gina, beveelt, dupixent, aan"
SAN-0107,https://www.sanofipro.fr/fr/fr/EUR/search/synvisc,"eur, search, synvisc"
SAN-0108,https://www.vaxishop.co.uk/uk/en_GB/GBP/influenza/order/0127234098,"gbp, influenza, order"
SAN-0109,https://www.vaxishop.co.uk/uk/en_GB/GBP/influenza/order/0127234098,"gbp, influenza, order"
SAN-0110,https://www.e-mr.sanofi.co.jp/products/apidra,"products, apidra"
SAN-0111,https://www.campus.sanofi/at/profil-erstellen,"profil, erstellen"
SAN-0112,https://www.e-mr.sanofi.co.jp/products/onetaxotere,"products, onetaxotere"
SAN-0113,https://www.e-mr.sanofi.co.jp/products/dupixent_2/product_info/expert_lecture/movie_0013,"products, dupixent, product, info, expert, lecture, movie"
SAN-0114,https://www.e-mr.sanofi.co.jp/products/targocid/faq,"products, targocid, faq"
SAN-0115,https://pro.campus.sanofi/nl/astma/educatie/gina-beveelt-dupixent-aan,"astma, educatie, gina, beveelt, dupixent, aan"
SAN-0116,https://www.sanofipro.fr/fr/fr/EUR/search/synvisc,"eur, search, synvisc"
SAN-0117,https://www.vaxishop.co.uk/uk/en_GB/GBP/influenza/order/0127234098,"gbp, influenza, order"
SAN-0118,https://www.vaxishop.co.uk/uk/en_GB/GBP/influenza/order/0127234098,"gbp, influenza, order"
SAN-0119,https://www.e-mr.sanofi.co.jp/products/apidra,"products, apidra"
SAN-0120,https://www.campus.sanofi/at/profil-erstellen,"profil, erstellen"
SAN-0121,https://www.e-mr.sanofi.co.jp/products/onetaxotere,"products, onetaxotere"
SAN-0122,https://www.e-mr.sanofi.co.jp/products/dupixent_2/product_info/expert_lecture/movie_0013,"products, dupixent, product, info, expert, lecture, movie"
SAN-0123,https://www.e-mr.sanofi.co.jp/products/targocid/faq,"products, targocid, faq"
SAN-0124,https://pro.campus.sanofi/nl/astma/educatie/gina-beveelt-dupixent-aan,"astma, educatie, gina, beveelt, dupixent, aan"
SAN-0125,https://www.sanofipro.fr/fr/fr/EUR/search/synvisc,"eur, search, synvisc"
SAN-0126,https://www.vaxishop.co.uk/uk/en_GB/GBP/influenza/order/0127234098,"gbp, influenza, order"
SAN-0127,https://www.vaxishop.co.uk/uk/en_GB/GBP/influenza/order/0127234098,"gbp, influenza, order"
SAN-0128,https://www.e-mr.sanofi.co.jp/products/apidra,"products, apidra"
SAN-0129,https://www.campus.sanofi/at/profil-erstellen,"profil, erstellen"
SAN-0130,https://www.e-mr.sanofi.co.jp/products/onetaxotere,"products, onetaxotere"
SAN-0131,https://www.e-mr.sanofi.co.jp/products/dupixent_2/product_info/expert_lecture/movie_0013,"products, dupixent, product, info, expert, lecture, movie"
SAN-0132,https://www.e-mr.sanofi.co.jp/products/targocid/faq,"products, targocid, faq"
SAN-0133,https://pro.campus.sanofi/nl/astma/educatie/gina-beveelt-dupixent-aan,"astma, educatie, gina, beveelt, dupixent, aan"
SAN-0134,https://www.sanofipro.fr/fr/fr/EUR/search/synvisc,"eur, search, synvisc"
SAN-0135,https://www.vaxishop.co.uk/uk/en_GB/GBP/influenza/order/0127234098,"gbp, influenza, order"
SAN-0136,https://www.vaxishop.co.uk/uk/en_GB/GBP/influenza/order/0127234098,"gbp, influenza, order"
SAN-0137,https://www.e-mr.sanofi.co.jp/products/apidra,"products, apidra"
SAN-0138,https://www.campus.sanofi/at/profil-erstellen,"profil, erstellen"
SAN-0139,https://www.e-mr.sanofi.co.jp/products/onetaxotere,"products, onetaxotere"
SAN-0140,https://www.e-mr.sanofi.co.jp/products/dupixent_2/product_info/expert_lecture/movie_0013,"products, dupixent, product, info, expert, lecture, movie"
SAN-0141,https://www.e-mr.sanofi.co.jp/products/targocid/faq,"products, targocid, faq"
SAN-0142,https://pro.campus.sanofi/nl/astma/educatie/gina-beveelt-dupixent-aan,"astma, educatie, gina, beveelt, dupixent, aan"
SAN-0143,https://www.sanofipro.fr/fr/fr/EUR/search/synvisc,"eur, search, synvisc"
SAN-0144,https://www.vaxishop.co.uk/uk/en_GB/GBP/influenza/order/0127234098,"gbp, influenza, order"
SAN-0145,https://www.vaxishop.co.uk/uk/en_GB/GBP/influenza/order/0127234098,"gbp, influenza, order"
SAN-0146,https://www.e-mr.sanofi.co.jp/products/apidra,"products, apidra"
SAN-0147,https://www.campus.sanofi/at/profil-erstellen,"profil, erstellen"
SAN-0148,https://www.e-mr.sanofi.co.jp/products/onetaxotere,"products, onetaxotere"
SAN-0149,https://www.e-mr.sanofi.co.jp/products/dupixent_2/product_info/expert_lecture/movie_0013,"products, dupixent, product, info, expert, lecture, movie"
SAN-0150,https://www.e-mr.sanofi.co.jp/products/targocid/faq,"products, targocid, faq"
SAN-0151,https://pro.campus.sanofi/nl/astma/educatie/gina-beveelt-dupixent-aan,"astma, educatie, gina, beveelt, dupixent, aan"
SAN-0152,https://www.sanofipro.fr/fr/fr/EUR/search/synvisc,"eur, search, synvisc"
SAN-0153,https://www.vaxishop.co.uk/uk/en_GB/GBP/influenza/order/0127234098,"gbp, influenza, order"
SAN-0154,https://www.vaxishop.co.uk/uk/en_GB/GBP/influenza/order/0127234098,"gbp, influenza, order"
SAN-0155,https://www.e-mr.sanofi.co.jp/products/apidra,"products, apidra"
SAN-0156,https://www.campus.sanofi/at/profil-erstellen,"profil, erstellen"
SAN-0157,https://www.e-mr.sanofi.co.jp/products/onetaxotere,"products, onetaxotere"
SAN-0158,https://www.e-mr.sanofi.co.jp/products/dupixent_2/product_info/expert_lecture/movie_0013,"products, dupixent, product, info, expert, lecture, movie"
SAN-0159,https://www.e-mr.sanofi.co.jp/products/targocid/faq,"products, targocid, faq"
SAN-0160,https://pro.campus.sanofi/nl/astma/educatie/gina-beveelt-dupixent-aan,"astma, educatie, gina, beveelt, dupixent, aan"
SAN-0161,https://www.sanofipro.fr/fr/fr/EUR/search/synvisc,"eur, search, synvisc"
SAN-0162,https://www.vaxishop.co.uk/uk/en_GB/GBP/influenza/order/0127234098,"gbp, influenza, order"
SAN-0163,https://www.vaxishop.co.uk/uk/en_GB/GBP/influenza/order/0127234098,"gbp, influenza, order"
SAN-0164,https://www.e-mr.sanofi.co.jp/products/apidra,"products, apidra"
SAN-0165,https://www.campus.sanofi/at/profil-erstellen,"profil, erstellen"
SAN-0166,https://www.e-mr.sanofi.co.jp/products/onetaxotere,"products, onetaxotere"
SAN-0167,https://www.e-mr.sanofi.co.jp/products/dupixent_2/product_info/expert_lecture/movie_0013,"products, dupixent, product, info, expert, lecture, movie"
SAN-0168,https://www.e-mr.sanofi.co.jp/products/targocid/faq,"products, targocid, faq"
SAN-0169,https://pro.campus.sanofi/nl/astma/educatie/gina-beveelt-dupixent-aan,"astma, educatie, gina, beveelt, dupixent, aan"
SAN-0170,https://www.sanofipro.fr/fr/fr/EUR/search/synvisc,"eur, search, synvisc"
SAN-0171,https://www.vaxishop.co.uk/uk/en_GB/GBP/influenza/order/0127234098,"gbp, influenza, order"
SAN-0172,https://www.vaxishop.co.uk/uk/en_GB/GBP/influenza/order/0127234098,"gbp, influenza, order"
SAN-0173,https://www.e-mr.sanofi.co.jp/products/apidra,"products, apidra"
SAN-0174,https://www.campus.sanofi/at/profil-erstellen,"profil, erstellen"
SAN-0175,https://www.e-mr.sanofi.co.jp/products/onetaxotere,"products, onetaxotere"
SAN-0176,https://www.e-mr.sanofi.co.jp/products/dupixent_2/product_info/expert_lecture/movie_0013,"products, dupixent, product, info, expert, lecture, movie"
SAN-0177,https://www.e-mr.sanofi.co.jp/products/targocid/faq,"products, targocid, faq"
SAN-0178,https://pro.campus.sanofi/nl/astma/educatie/gina-beveelt-dupixent-aan,"astma, educatie, gina, beveelt, dupixent, aan"
SAN-0179,https://www.sanofipro.fr/fr/fr/EUR/search/synvisc,"eur, search, synvisc"
SAN-0180,https://www.vaxishop.co.uk/uk/en_GB/GBP/influenza/order/0127234098,"gbp, influenza, order"
SAN-0181,https://www.vaxishop.co.uk/uk/en_GB/GBP/influenza/order/0127234098,"gbp, influenza, order"
SAN-0182,https://www.e-mr.sanofi.co.jp/products/apidra,"products, apidra"
SAN-0183,https://www.campus.sanofi/at/profil-erstellen,"profil, erstellen"
SAN-0184,https://www.e-mr.sanofi.co.jp/products/onetaxotere,"products, onetaxotere"
SAN-0185,https://www.e-mr.sanofi.co.jp/products/dupixent_2/product_info/expert_lecture/movie_0013,"products, dupixent, product, info, expert, lecture, movie"
SAN-0186,https://www.e-mr.sanofi.co.jp/products/targocid/faq,"products, targocid, faq"
SAN-0187,https://pro.campus.sanofi/nl/astma/educatie/gina-beveelt-dupixent-aan,"astma, educatie, gina, beveelt, dupixent, aan"
SAN-0188,https://www.sanofipro.fr/fr/fr/EUR/search/synvisc,"eur, search, synvisc"
SAN-0189,https://www.vaxishop.co.uk/uk/en_GB/GBP/influenza/order/0127234098,"gbp, influenza, order"
SAN-0190,https://www.vaxishop.co.uk/uk/en_GB/GBP/influenza/order/0127234098,"gbp, influenza, order"
SAN-0191,https://www.e-mr.sanofi.co.jp/products/apidra,"products, apidra"
SAN-0192,https://www.campus.sanofi/at/profil-erstellen,"profil, erstellen"
SAN-0193,https://www.e-mr.sanofi.co.jp/products/onetaxotere,"products, onetaxotere"
SAN-0194,https://www.e-mr.sanofi.co.jp/products/dupixent_2/product_info/expert_lecture/movie_0013,"products, dupixent, product, info, expert, lecture, movie"
SAN-0195,https://www.e-mr.sanofi.co.jp/products/targocid/faq,"products, targocid, faq"
SAN-0196,https://pro.campus.sanofi/nl/astma/educatie/gina-beveelt-dupixent-aan,"astma, educatie, gina, beveelt, dupixent, aan"
SAN-0197,https://www.sanofipro.fr/fr/fr/EUR/search/synvisc,"eur, search, synvisc"
SAN-0198,https://www.vaxishop.co.uk/uk/en_GB/GBP/influenza/order/0127234098,"gbp, influenza, order"
SAN-0199,https://www.vaxishop.co.uk/uk/en_GB/GBP/influenza/order/0127234098,"gbp, influenza, order"
SAN-0200,https://www.e-mr.sanofi.co.jp/products/apidra,"products, apidra"
SAN-0201,https://www.campus.sanofi/at/profil-erstellen,"profil, erstellen"
SAN-0202,https://www.e-mr.sanofi.co.jp/products/onetaxotere,"products, onetaxotere"
SAN-0203,https://www.e-mr.sanofi.co.jp/products/dupixent_2/product_info/expert_lecture/movie_0013,"products, dupixent, product, info, expert, lecture, movie"
SAN-0204,https://www.e-mr.sanofi.co.jp/products/targocid/faq,"products, targocid, faq"
SAN-0205,https://pro.campus.sanofi/nl/astma/educatie/gina-beveelt-dupixent-aan,"astma, educatie, gina, beveelt, dupixent, aan"
SAN-0206,https://www.sanofipro.fr/fr/fr/EUR/search/synvisc,"eur, search, synvisc"
SAN-0207,https://www.vaxishop.co.uk/uk/en_GB/GBP/influenza/order/0127234098,"gbp, influenza, order"
SAN-0208,https://www.vaxishop.co.uk/uk/en_GB/GBP/influenza/order/0127234098,"gbp, influenza, order"
SAN-0209,https://www.e-mr.sanofi.co.jp/products/apidra,"products, apidra"
SAN-0210,https://www.campus.sanofi/at/profil-erstellen,"profil, erstellen"
SAN-0211,https://www.e-mr.sanofi.co.jp/products/onetaxotere,"products, onetaxotere"
SAN-0212,https://www.e-mr.sanofi.co.jp/products/dupixent_2/product_info/expert_lecture/movie_0013,"products, dupixent, product, info, expert, lecture, movie"
SAN-0213,https://www.e-mr.sanofi.co.jp/products/targocid/faq,"products, targocid, faq"
SAN-0214,https://pro.campus.sanofi/nl/astma/educatie/gina-beveelt-dupixent-aan,"astma, educatie, gina, beveelt, dupixent, aan"
SAN-0215,https://www.sanofipro.fr/fr/fr/EUR/search/synvisc,"eur, search, synvisc"
SAN-0216,https://www.vaxishop.co.uk/uk/en_GB/GBP/influenza/order/0127234098,"gbp, influenza, order"
SAN-0217,https://www.vaxishop.co.uk/uk/en_GB/GBP/influenza/order/0127234098,"gbp, influenza, order"
SAN-0218,https://www.e-mr.sanofi.co.jp/products/apidra,"products, apidra"
SAN-0219,https://www.campus.sanofi/at/profil-erstellen,"profil, erstellen"
SAN-0220,https://www.e-mr.sanofi.co.jp/products/onetaxotere,"products, onetaxotere"
SAN-0221,https://www.e-mr.sanofi.co.jp/products/dupixent_2/product_info/expert_lecture/movie_0013,"products, dupixent, product, info, expert, lecture, movie"
SAN-0222,https://www.e-mr.sanofi.co.jp/products/targocid/faq,"products, targocid, faq"
SAN-0223,https://pro.campus.sanofi/nl/astma/educatie/gina-beveelt-dupixent-aan,"astma, educatie, gina, beveelt, dupixent, aan"
SAN-0224,https://www.sanofipro.fr/fr/fr/EUR/search/synvisc,"eur, search, synvisc"
SAN-0225,https://www.vaxishop.co.uk/uk/en_GB/GBP/influenza/order/0127234098,"gbp, influenza, order"
SAN-0226,https://www.vaxishop.co.uk/uk/en_GB/GBP/influenza/order/0127234098,"gbp, influenza, order"
SAN-0227,https://www.e-mr.sanofi.co.jp/products/apidra,"products, apidra"
SAN-0228,https://www.campus.sanofi/at/profil-erstellen,"profil, erstellen"
SAN-0229,https://www.e-mr.sanofi.co.jp/products/onetaxotere,"products, onetaxotere"
SAN-0230,https://www.e-mr.sanofi.co.jp/products/dupixent_2/product_info/expert_lecture/movie_0013,"products, dupixent, product, info, expert, lecture, movie"
SAN-0231,https://www.e-mr.sanofi.co.jp/products/targocid/faq,"products, targocid, faq"
SAN-0232,https://pro.campus.sanofi/nl/astma/educatie/gina-beveelt-dupixent-aan,"astma, educatie, gina, beveelt, dupixent, aan"
SAN-0233,https://www.sanofipro.fr/fr/fr/EUR/search/synvisc,"eur, search, synvisc"
SAN-0234,https://www.vaxishop.co.uk/uk/en_GB/GBP/influenza/order/0127234098,"gbp, influenza, order"
SAN-0235,https://www.vaxishop.co.uk/uk/en_GB/GBP/influenza/order/0127234098,"gbp, influenza, order"
SAN-0236,https://www.e-mr.sanofi.co.jp/products/apidra,"products, apidra"
SAN-0237,https://www.campus.sanofi/at/profil-erstellen,"profil, erstellen"
SAN-0238,https://www.e-mr.sanofi.co.jp/products/onetaxotere,"products, onetaxotere"
SAN-0239,https://www.e-mr.sanofi.co.jp/products/dupixent_2/product_info/expert_lecture/movie_0013,"products, dupixent, product, info, expert, lecture, movie"
SAN-0240,https://www.e-mr.sanofi.co.jp/products/targocid/faq,"products, targocid, faq"
SAN-0241,https://pro.campus.sanofi/nl/astma/educatie/gina-beveelt-dupixent-aan,"astma, educatie, gina, beveelt, dupixent, aan"
SAN-0242,https://www.sanofipro.fr/fr/fr/EUR/search/synvisc,"eur, search, synvisc"
SAN-0243,https://www.vaxishop.co.uk/uk/en_GB/GBP/influenza/order/0127234098,"gbp, influenza, order"
SAN-0244,https://www.vaxishop.co.uk/uk/en_GB/GBP/influenza/order/0127234098,"gbp, influenza, order"
SAN-0245,https://www.e-mr.sanofi.co.jp/products/apidra,"products, apidra"
SAN-0246,https://www.campus.sanofi/at/profil-erstellen,"profil, erstellen"
SAN-0247,https://www.e-mr.sanofi.co.jp/products/onetaxotere,"products, onetaxotere"
SAN-0248,https://www.e-mr.sanofi.co.jp/products/dupixent_2/product_info/expert_lecture/movie_0013,"products, dupixent, product, info, expert, lecture, movie"
SAN-0249,https://www.e-mr.sanofi.co.jp/products/targocid/faq,"products, targocid, faq"
SAN-0250,https://pro.campus.sanofi/nl/astma/educatie/gina-beveelt-dupixent-aan,"astma, educatie, gina, beveelt, dupixent, aan"
SAN-0251,https://www.sanofipro.fr/fr/fr/EUR/search/synvisc,"eur, search, synvisc"
SAN-0252,https://www.vaxishop.co.uk/uk/en_GB/GBP/influenza/order/0127234098,"gbp, influenza, order"
SAN-0253,https://www.vaxishop.co.uk/uk/en_GB/GBP/influenza/order/0127234098,"gbp, influenza, order"
SAN-0254,https://www.e-mr.sanofi.co.jp/products/apidra,"products, apidra"
SAN-0255,https://www.campus.sanofi/at/profil-erstellen,"profil, erstellen"
SAN-0256,https://www.e-mr.sanofi.co.jp/products/onetaxotere,"products, onetaxotere"
SAN-0257,https://www.e-mr.sanofi.co.jp/products/dupixent_2/product_info/expert_lecture/movie_0013,"products, dupixent, product, info, expert, lecture, movie"
SAN-0258,https://www.e-mr.sanofi.co.jp/products/targocid/faq,"products, targocid, faq"
SAN-0259,https://pro.campus.sanofi/nl/astma/educatie/gina-beveelt-dupixent-aan,"astma, educatie, gina, beveelt, dupixent, aan"
SAN-0260,https://www.sanofipro.fr/fr/fr/EUR/search/synvisc,"eur, search, synvisc"
SAN-0261,https://www.vaxishop.co.uk/uk/en_GB/GBP/influenza/order/0127234098,"gbp, influenza, order"
SAN-0262,https://www.vaxishop.co.uk/uk/en_GB/GBP/influenza/order/0127234098,"gbp, influenza, order"
SAN-0263,https://www.e-mr.sanofi.co.jp/products/apidra,"products, apidra"
SAN-0264,https://www.campus.sanofi/at/profil-erstellen,"profil, erstellen"
SAN-0265,https://www.e-mr.sanofi.co.jp/products/onetaxotere,"products, onetaxotere"
SAN-0266,https://www.e-mr.sanofi.co.jp/products/dupixent_2/product_info/expert_lecture/movie_0013,"products, dupixent, product, info, expert, lecture, movie"
SAN-0267,https://www.e-mr.sanofi.co.jp/products/targocid/faq,"products, targocid, faq"
SAN-0268,https://pro.campus.sanofi/nl/astma/educatie/gina-beveelt-dupixent-aan,"astma, educatie, gina, beveelt, dupixent, aan"
SAN-0269,https://www.sanofipro.fr/fr/fr/EUR/search/synvisc,"eur, search, synvisc"
SAN-0270,https://www.vaxishop.co.uk/uk/en_GB/GBP/influenza/order/0127234098,"gbp, influenza, order"
SAN-0271,https://www.vaxishop.co.uk/uk/en_GB/GBP/influenza/order/0127234098,"gbp, influenza, order"
SAN-0272,https://www.e-mr.sanofi.co.jp/products/apidra,"products, apidra"
SAN-0273,https://www.campus.sanofi/at/profil-erstellen,"profil, erstellen"
SAN-0274,https://www.e-mr.sanofi.co.jp/products/onetaxotere,"products, onetaxotere"
SAN-0275,https://www.e-mr.sanofi.co.jp/products/dupixent_2/product_info/expert_lecture/movie_0013,"products, dupixent, product, info, expert, lecture, movie"
SAN-0276,https://www.e-mr.sanofi.co.jp/products/targocid/faq,"products, targocid, faq"
SAN-0277,https://pro.campus.sanofi/nl/astma/educatie/gina-beveelt-dupixent-aan,"astma, educatie, gina, beveelt, dupixent, aan"
SAN-0278,https://www.sanofipro.fr/fr/fr/EUR/search/synvisc,"eur, search, synvisc"
SAN-0279,https://www.vaxishop.co.uk/uk/en_GB/GBP/influenza/order/0127234098,"gbp, influenza, order"
SAN-0280,https://www.vaxishop.co.uk/uk/en_GB/GBP/influenza/order/0127234098,"gbp, influenza, order"
SAN-0281,https://www.e-mr.sanofi.co.jp/products/apidra,"products, apidra"
SAN-0282,https://www.campus.sanofi/at/profil-erstellen,"profil, erstellen"
SAN-0283,https://www.e-mr.sanofi.co.jp/products/onetaxotere,"products, onetaxotere"
SAN-0284,https://www.e-mr.sanofi.co.jp/products/dupixent_2/product_info/expert_lecture/movie_0013,"products, dupixent, product, info, expert, lecture, movie"
SAN-0285,https://www.e-mr.sanofi.co.jp/products/targocid/faq,"products, targocid, faq"
SAN-0286,https://pro.campus.sanofi/nl/astma/educatie/gina-beveelt-dupixent-aan,"astma, educatie, gina, beveelt, dupixent, aan"
SAN-0287,https://www.sanofipro.fr/fr/fr/EUR/search/synvisc,"eur, search, synvisc"
SAN-0288,https://www.vaxishop.co.uk/uk/en_GB/GBP/influenza/order/0127234098,"gbp, influenza, order"
SAN-0289,https://www.vaxishop.co.uk/uk/en_GB/GBP/influenza/order/0127234098,"gbp, influenza, order"
SAN-0290,https://www.e-mr.sanofi.co.jp/products/apidra,"products, apidra"
SAN-0291,https://www.campus.sanofi/at/profil-erstellen,"profil, erstellen"
SAN-0292,https://www.e-mr.sanofi.co.jp/products/onetaxotere,"products, onetaxotere"
SAN-0293,https://www.e-mr.sanofi.co.jp/products/dupixent_2/product_info/expert_lecture/movie_0013,"products, dupixent, product, info, expert, lecture, movie"
SAN-0294,https://www.e-mr.sanofi.co.jp/products/targocid/faq,"products, targocid, faq"
SAN-0295,https://pro.campus.sanofi/nl/astma/educatie/gina-beveelt-dupixent-aan,"astma, educatie, gina, beveelt, dupixent, aan"
SAN-0296,https://www.sanofipro.fr/fr/fr/EUR/search/synvisc,"eur, search, synvisc"
SAN-0297,https://www.vaxishop.co.uk/uk/en_GB/GBP/influenza/order/0127234098,"gbp, influenza, order"
SAN-0298,https://www.vaxishop.co.uk/uk/en_GB/GBP/influenza/order/0127234098,"gbp, influenza, order"
SAN-0299,https://www.e-mr.sanofi.co.jp/products/apidra,"products, apidra"
SAN-0300,https://www.campus.sanofi/at/profil-erstellen,"profil, erstellen"
SAN-0301,https://www.e-mr.sanofi.co.jp/products/onetaxotere,"products, onetaxotere"
SAN-0302,https://www.e-mr.sanofi.co.jp/products/dupixent_2/product_info/expert_lecture/movie_0013,"products, dupixent, product, info, expert, lecture, movie"
SAN-0303,https://www.e-mr.sanofi.co.jp/products/targocid/faq,"products, targocid, faq"
SAN-0304,https://pro.campus.sanofi/nl/astma/educatie/gina-beveelt-dupixent-aan,"astma, educatie, gina, beveelt, dupixent, aan"
SAN-0305,https://www.sanofipro.fr/fr/fr/EUR/search/synvisc,"eur, search, synvisc"
SAN-0306,https://www.vaxishop.co.uk/uk/en_GB/GBP/influenza/order/0127234098,"gbp, influenza, order"
SAN-0307,https://www.vaxishop.co.uk/uk/en_GB/GBP/influenza/order/0127234098,"gbp, influenza, order"
SAN-0308,https://www.e-mr.sanofi.co.jp/products/apidra,"products, apidra"
SAN-0309,https://www.campus.sanofi/at/profil-erstellen,"profil, erstellen"
SAN-0310,https://www.e-mr.sanofi.co.jp/products/onetaxotere,"products, onetaxotere"
SAN-0311,https://www.e-mr.sanofi.co.jp/products/dupixent_2/product_info/expert_lecture/movie_0013,"products, dupixent, product, info, expert, lecture, movie"
SAN-0312,https://www.e-mr.sanofi.co.jp/products/targocid/faq,"products, targocid, faq"
SAN-0313,https://pro.campus.sanofi/nl/astma/educatie/gina-beveelt-dupixent-aan,"astma, educatie, gina, beveelt, dupixent, aan"
SAN-0314,https://www.sanofipro.fr/fr/fr/EUR/search/synvisc,"eur, search, synvisc"
SAN-0315,https://www.vaxishop.co.uk/uk/en_GB/GBP/influenza/order/0127234098,"gbp, influenza, order"
SAN-0316,https://www.vaxishop.co.uk/uk/en_GB/GBP/influenza/order/0127234098,"gbp, influenza, order"
SAN-0317,https://www.e-mr.sanofi.co.jp/products/apidra,"products, apidra"
SAN-0318,https://www.campus.sanofi/at/profil-erstellen,"profil, erstellen"
SAN-0319,https://www.e-mr.sanofi.co.jp/products/onetaxotere,"products, onetaxotere"
SAN-0320,https://www.e-mr.sanofi.co.jp/products/dupixent_2/product_info/expert_lecture/movie_0013,"products, dupixent, product, info, expert, lecture, movie"
SAN-0321,https://www.e-mr.sanofi.co.jp/products/targocid/faq,"products, targocid, faq"
SAN-0322,https://pro.campus.sanofi/nl/astma/educatie/gina-beveelt-dupixent-aan,"astma, educatie, gina, beveelt, dupixent, aan"
SAN-0323,https://www.sanofipro.fr/fr/fr/EUR/search/synvisc,"eur, search, synvisc"
SAN-0324,https://www.vaxishop.co.uk/uk/en_GB/GBP/influenza/order/0127234098,"gbp, influenza, order"
SAN-0325,https://www.vaxishop.co.uk/uk/en_GB/GBP/influenza/order/0127234098,"gbp, influenza, order"
SAN-0326,https://www.e-mr.sanofi.co.jp/products/apidra,"products, apidra"
SAN-0327,https://www.campus.sanofi/at/profil-erstellen,"profil, erstellen"
SAN-0328,https://www.e-mr.sanofi.co.jp/products/onetaxotere,"products, onetaxotere"
SAN-0329,https://www.e-mr.sanofi.co.jp/products/dupixent_2/product_info/expert_lecture/movie_0013,"products, dupixent, product, info, expert, lecture, movie"
SAN-0330,https://www.e-mr.sanofi.co.jp/products/targocid/faq,"products, targocid, faq"
SAN-0331,https://pro.campus.sanofi/nl/astma/educatie/gina-beveelt-dupixent-aan,"astma, educatie, gina, beveelt, dupixent, aan"
SAN-0332,https://www.sanofipro.fr/fr/fr/EUR/search/synvisc,"eur, search, synvisc"
SAN-0333,https://www.vaxishop.co.uk/uk/en_GB/GBP/influenza/order/0127234098,"gbp, influenza, order"
SAN-0334,https://www.vaxishop.co.uk/uk/en_GB/GBP/influenza/order/0127234098,"gbp, influenza, order"
SAN-0335,https://www.e-mr.sanofi.co.jp/products/apidra,"products, apidra"
SAN-0336,https://www.campus.sanofi/at/profil-erstellen,"profil, erstellen"
SAN-0337,https://www.e-mr.sanofi.co.jp/products/onetaxotere,"products, onetaxotere"
SAN-0338,https://www.e-mr.sanofi.co.jp/products/dupixent_2/product_info/expert_lecture/movie_0013,"products, dupixent, product, info, expert, lecture, movie"
SAN-0339,https://www.e-mr.sanofi.co.jp/products/targocid/faq,"products, targocid, faq"
SAN-0340,https://pro.campus.sanofi/nl/astma/educatie/gina-beveelt-dupixent-aan,"astma, educatie, gina, beveelt, dupixent, aan"
SAN-0341,https://www.sanofipro.fr/fr/fr/EUR/search/synvisc,"eur, search, synvisc"
SAN-0342,https://www.vaxishop.co.uk/uk/en_GB/GBP/influenza/order/0127234098,"gbp, influenza, order"
SAN-0343,https://www.vaxishop.co.uk/uk/en_GB/GBP/influenza/order/0127234098,"gbp, influenza, order"
SAN-0344,https://www.e-mr.sanofi.co.jp/products/apidra,"products, apidra"
SAN-0345,https://www.campus.sanofi/at/profil-erstellen,"profil, erstellen"
SAN-0346,https://www.e-mr.sanofi.co.jp/products/onetaxotere,"products, onetaxotere"
SAN-0347,https://www.e-mr.sanofi.co.jp/products/dupixent_2/product_info/expert_lecture/movie_0013,"products, dupixent, product, info, expert, lecture, movie"
SAN-0348,https://www.e-mr.sanofi.co.jp/products/targocid/faq,"products, targocid, faq"
SAN-0349,https://pro.campus.sanofi/nl/astma/educatie/gina-beveelt-dupixent-aan,"astma, educatie, gina, beveelt, dupixent, aan"
SAN-0350,https://www.sanofipro.fr/fr/fr/EUR/search/synvisc,"eur, search, synvisc"
SAN-0351,https://www.vaxishop.co.uk/uk/en_GB/GBP/influenza/order/0127234098,"gbp, influenza, order"
SAN-0352,https://www.vaxishop.co.uk/uk/en_GB/GBP/influenza/order/0127234098,"gbp, influenza, order"
SAN-0353,https://www.e-mr.sanofi.co.jp/products/apidra,"products, apidra"
SAN-0354,https://www.campus.sanofi/at/profil-erstellen,"profil, erstellen"
SAN-0355,https://www.e-mr.sanofi.co.jp/products/onetaxotere,"products, onetaxotere"
SAN-0356,https://www.e-mr.sanofi.co.jp/products/dupixent_2/product_info/expert_lecture/movie_0013,"products, dupixent, product, info, expert, lecture, movie"
SAN-0357,https://www.e-mr.sanofi.co.jp/products/targocid/faq,"products, targocid, faq"
SAN-0358,https://pro.campus.sanofi/nl/astma/educatie/gina-beveelt-dupixent-aan,"astma, educatie, gina, beveelt, dupixent, aan"
SAN-0359,https://www.sanofipro.fr/fr/fr/EUR/search/synvisc,"eur, search, synvisc"
SAN-0360,https://www.vaxishop.co.uk/uk/en_GB/GBP/influenza/order/0127234098,"gbp, influenza, order"
SAN-0361,https://www.vaxishop.co.uk/uk/en_GB/GBP/influenza/order/0127234098,"gbp, influenza, order"
SAN-0362,https://www.e-mr.sanofi.co.jp/products/apidra,"products, apidra"
SAN-0363,https://www.campus.sanofi/at/profil-erstellen,"profil, erstellen"
SAN-0364,https://www.e-mr.sanofi.co.jp/products/onetaxotere,"products, onetaxotere"
SAN-0365,https://www.e-mr.sanofi.co.jp/products/dupixent_2/product_info/expert_lecture/movie_0013,"products, dupixent, product, info, expert, lecture, movie"
SAN-0366,https://www.e-mr.sanofi.co.jp/products/targocid/faq,"products, targocid, faq"
SAN-0367,https://pro.campus.sanofi/nl/astma/educatie/gina-beveelt-dupixent-aan,"astma, educatie, gina, beveelt, dupixent, aan"
SAN-0368,https://www.sanofipro.fr/fr/fr/EUR/search/synvisc,"eur, search, synvisc"
SAN-0369,https://www.vaxishop.co.uk/uk/en_GB/GBP/influenza/order/0127234098,"gbp, influenza, order"
SAN-0370,https://www.vaxishop.co.uk/uk/en_GB/GBP/influenza/order/0127234098,"gbp, influenza, order"
SAN-0371,https://www.e-mr.sanofi.co.jp/products/apidra,"products, apidra"
SAN-0372,https://www.campus.sanofi/at/profil-erstellen,"profil, erstellen"
SAN-0373,https://www.e-mr.sanofi.co.jp/products/onetaxotere,"products, onetaxotere"
SAN-0374,https://www.e-mr.sanofi.co.jp/products/dupixent_2/product_info/expert_lecture/movie_0013,"products, dupixent, product, info, expert, lecture, movie"
SAN-0375,https://www.e-mr.sanofi.co.jp/products/targocid/faq,"products, targocid, faq"
SAN-0376,https://pro.campus.sanofi/nl/astma/educatie/gina-beveelt-dupixent-aan,"astma, educatie, gina, beveelt, dupixent, aan"
SAN-0377,https://www.sanofipro.fr/fr/fr/EUR/search/synvisc,"eur, search, synvisc"
SAN-0378,https://www.vaxishop.co.uk/uk/en_GB/GBP/influenza/order/0127234098,"gbp, influenza, order"
SAN-0379,https://www.vaxishop.co.uk/uk/en_GB/GBP/influenza/order/0127234098,"gbp, influenza, order"
SAN-0380,https://www.e-mr.sanofi.co.jp/products/apidra,"products, apidra"
SAN-0381,https://www.campus.sanofi/at/profil-erstellen,"profil, erstellen"
SAN-0382,https://www.e-mr.sanofi.co.jp/products/onetaxotere,"products, onetaxotere"
SAN-0383,https://www.e-mr.sanofi.co.jp/products/dupixent_2/product_info/expert_lecture/movie_0013,"products, dupixent, product, info, expert, lecture, movie"
SAN-0384,https://www.e-mr.sanofi.co.jp/products/targocid/faq,"products, targocid, faq"
SAN-0385,https://pro.campus.sanofi/nl/astma/educatie/gina-beveelt-dupixent-aan,"astma, educatie, gina, beveelt, dupixent, aan"
SAN-0386,https://www.sanofipro.fr/fr/fr/EUR/search/synvisc,"eur, search, synvisc"
SAN-0387,https://www.vaxishop.co.uk/uk/en_GB/GBP/influenza/order/0127234098,"gbp, influenza, order"
SAN-0388,https://www.vaxishop.co.uk/uk/en_GB/GBP/influenza/order/0127234098,"gbp, influenza, order"
SAN-0389,https://www.e-mr.sanofi.co.jp/products/apidra,"products, apidra"
SAN-0390,https://www.campus.sanofi/at/profil-erstellen,"profil, erstellen"
SAN-0391,https://www.e-mr.sanofi.co.jp/products/onetaxotere,"products, onetaxotere"
SAN-0392,https://www.e-mr.sanofi.co.jp/products/dupixent_2/product_info/expert_lecture/movie_0013,"products, dupixent, product, info, expert, lecture, movie"
SAN-0393,https://www.e-mr.sanofi.co.jp/products/targocid/faq,"products, targocid, faq"
SAN-0394,https://pro.campus.sanofi/nl/astma/educatie/gina-beveelt-dupixent-aan,"astma, educatie, gina, beveelt, dupixent, aan"
SAN-0395,https://www.sanofipro.fr/fr/fr/EUR/search/synvisc,"eur, search, synvisc"
SAN-0396,https://www.vaxishop.co.uk/uk/en_GB/GBP/influenza/order/0127234098,"gbp, influenza, order"
SAN-0397,https://www.vaxishop.co.uk/uk/en_GB/GBP/influenza/order/0127234098,"gbp, influenza, order"
SAN-0398,https://www.e-mr.sanofi.co.jp/products/apidra,"products, apidra"
SAN-0399,https://www.campus.sanofi/at/profil-erstellen,"profil, erstellen"
SAN-0400,https://www.e-mr.sanofi.co.jp/products/onetaxotere,"products, onetaxotere"
SAN-0401,https://www.e-mr.sanofi.co.jp/products/dupixent_2/product_info/expert_lecture/movie_0013,"products, dupixent, product, info, expert, lecture, movie"
SAN-0402,https://www.e-mr.sanofi.co.jp/products/targocid/faq,"products, targocid, faq"
SAN-0403,https://pro.campus.sanofi/nl/astma/educatie/gina-beveelt-dupixent-aan,"astma, educatie, gina, beveelt, dupixent, aan"
SAN-0404,https://www.sanofipro.fr/fr/fr/EUR/search/synvisc,"eur, search, synvisc"
SAN-0405,https://www.vaxishop.co.uk/uk/en_GB/GBP/influenza/order/0127234098,"gbp, influenza, order"
SAN-0406,https://www.vaxishop.co.uk/uk/en_GB/GBP/influenza/order/0127234098,"gbp, influenza, order"
SAN-0407,https://www.e-mr.sanofi.co.jp/products/apidra,"products, apidra"
SAN-0408,https://www.campus.sanofi/at/profil-erstellen,"profil, erstellen"
SAN-0409,https://www.e-mr.sanofi.co.jp/products/onetaxotere,"products, onetaxotere"
SAN-0410,https://www.e-mr.sanofi.co.jp/products/dupixent_2/product_info/expert_lecture/movie_0013,"products, dupixent, product, info, expert, lecture, movie"
SAN-0411,https://www.e-mr.sanofi.co.jp/products/targocid/faq,"products, targocid, faq"
SAN-0412,https://pro.campus.sanofi/nl/astma/educatie/gina-beveelt-dupixent-aan,"astma, educatie, gina, beveelt, dupixent, aan"
SAN-0413,https://www.sanofipro.fr/fr/fr/EUR/search/synvisc,"eur, search, synvisc"
SAN-0414,https://www.vaxishop.co.uk/uk/en_GB/GBP/influenza/order/0127234098,"gbp, influenza, order"
SAN-0415,https://www.vaxishop.co.uk/uk/en_GB/GBP/influenza/order/0127234098,"gbp, influenza, order"
SAN-0416,https://www.e-mr.sanofi.co.jp/products/apidra,"products, apidra"
SAN-0417,https://www.campus.sanofi/at/profil-erstellen,"profil, erstellen"
SAN-0418,https://www.e-mr.sanofi.co.jp/products/onetaxotere,"products, onetaxotere"
SAN-0419,https://www.e-mr.sanofi.co.jp/products/dupixent_2/product_info/expert_lecture/movie_0013,"products, dupixent, product, info, expert, lecture, movie"
SAN-0420,https://www.e-mr.sanofi.co.jp/products/targocid/faq,"products, targocid, faq"
SAN-0421,https://pro.campus.sanofi/nl/astma/educatie/gina-beveelt-dupixent-aan,"astma, educatie, gina, beveelt, dupixent, aan"
SAN-0422,https://www.sanofipro.fr/fr/fr/EUR/search/synvisc,"eur, search, synvisc"
SAN-0423,https://www.vaxishop.co.uk/uk/en_GB/GBP/influenza/order/0127234098,"gbp, influenza, order"
SAN-0424,https://www.vaxishop.co.uk/uk/en_GB/GBP/influenza/order/0127234098,"gbp, influenza, order"
SAN-0425,https://www.e-mr.sanofi.co.jp/products/apidra,"products, apidra"
SAN-0426,https://www.campus.sanofi/at/profil-erstellen,"profil, erstellen"
SAN-0427,https://www.e-mr.sanofi.co.jp/products/onetaxotere,"products, onetaxotere"
SAN-0428,https://www.e-mr.sanofi.co.jp/products/dupixent_2/product_info/expert_lecture/movie_0013,"products, dupixent, product, info, expert, lecture, movie"
SAN-0429,https://www.e-mr.sanofi.co.jp/products/targocid/faq,"products, targocid, faq"
SAN-0430,https://pro.campus.sanofi/nl/astma/educatie/gina-beveelt-dupixent-aan,"astma, educatie, gina, beveelt, dupixent, aan"
SAN-0431,https://www.sanofipro.fr/fr/fr/EUR/search/synvisc,"eur, search, synvisc"
SAN-0432,https://www.vaxishop.co.uk/uk/en_GB/GBP/influenza/order/0127234098,"gbp, influenza, order"
SAN-0433,https://www.vaxishop.co.uk/uk/en_GB/GBP/influenza/order/0127234098,"gbp, influenza, order"
SAN-0434,https://www.e-mr.sanofi.co.jp/products/apidra,"products, apidra"
SAN-0435,https://www.campus.sanofi/at/profil-erstellen,"profil, erstellen"
SAN-0436,https://www.e-mr.sanofi.co.jp/products/onetaxotere,"products, onetaxotere"
SAN-0437,https://www.e-mr.sanofi.co.jp/products/dupixent_2/product_info/expert_lecture/movie_0013,"products, dupixent, product, info, expert, lecture, movie"
SAN-0438,https://www.e-mr.sanofi.co.jp/products/targocid/faq,"products, targocid, faq"
SAN-0439,https://pro.campus.sanofi/nl/astma/educatie/gina-beveelt-dupixent-aan,"astma, educatie, gina, beveelt, dupixent, aan"
SAN-0440,https://www.sanofipro.fr/fr/fr/EUR/search/synvisc,"eur, search, synvisc"
SAN-0441,https://www.vaxishop.co.uk/uk/en_GB/GBP/influenza/order/0127234098,"gbp, influenza, order"
SAN-0442,https://www.vaxishop.co.uk/uk/en_GB/GBP/influenza/order/0127234098,"gbp, influenza, order"
SAN-0443,https://www.e-mr.sanofi.co.jp/products/apidra,"products, apidra"
SAN-0444,https://www.campus.sanofi/at/profil-erstellen,"profil, erstellen"
SAN-0445,https://www.e-mr.sanofi.co.jp/products/onetaxotere,"products, onetaxotere"
SAN-0446,https://www.e-mr.sanofi.co.jp/products/dupixent_2/product_info/expert_lecture/movie_0013,"products, dupixent, product, info, expert, lecture, movie"
SAN-0447,https://www.e-mr.sanofi.co.jp/products/targocid/faq,"products, targocid, faq"
SAN-0448,https://pro.campus.sanofi/nl/astma/educatie/gina-beveelt-dupixent-aan,"astma, educatie, gina, beveelt, dupixent, aan"
SAN-0449,https://www.sanofipro.fr/fr/fr/EUR/search/synvisc,"eur, search, synvisc"
SAN-0450,https://www.vaxishop.co.uk/uk/en_GB/GBP/influenza/order/0127234098,"gbp, influenza, order"
SAN-0451,https://www.vaxishop.co.uk/uk/en_GB/GBP/influenza/order/0127234098,"gbp, influenza, order"
SAN-0452,https://www.e-mr.sanofi.co.jp/products/apidra,"products, apidra"
SAN-0453,https://www.campus.sanofi/at/profil-erstellen,"profil, erstellen"
SAN-0454,https://www.e-mr.sanofi.co.jp/products/onetaxotere,"products, onetaxotere"
SAN-0455,https://www.e-mr.sanofi.co.jp/products/dupixent_2/product_info/expert_lecture/movie_0013,"products, dupixent, product, info, expert, lecture, movie"
SAN-0456,https://www.e-mr.sanofi.co.jp/products/targocid/faq,"products, targocid, faq"
SAN-0457,https://pro.campus.sanofi/nl/astma/educatie/gina-beveelt-dupixent-aan,"astma, educatie, gina, beveelt, dupixent, aan"
SAN-0458,https://www.sanofipro.fr/fr/fr/EUR/search/synvisc,"eur, search, synvisc"
SAN-0459,https://www.vaxishop.co.uk/uk/en_GB/GBP/influenza/order/0127234098,"gbp, influenza, order"
SAN-0460,https://www.vaxishop.co.uk/uk/en_GB/GBP/influenza/order/0127234098,"gbp, influenza, order"
SAN-0461,https://www.e-mr.sanofi.co.jp/products/apidra,"products, apidra"
SAN-0462,https://www.campus.sanofi/at/profil-erstellen,"profil, erstellen"
SAN-0463,https://www.e-mr.sanofi.co.jp/products/onetaxotere,"products, onetaxotere"
SAN-0464,https://www.e-mr.sanofi.co.jp/products/dupixent_2/product_info/expert_lecture/movie_0013,"products, dupixent, product, info, expert, lecture, movie"
SAN-0465,https://www.e-mr.sanofi.co.jp/products/targocid/faq,"products, targocid, faq"
SAN-0466,https://pro.campus.sanofi/nl/astma/educatie/gina-beveelt-dupixent-aan,"astma, educatie, gina, beveelt, dupixent, aan"
SAN-0467,https://www.sanofipro.fr/fr/fr/EUR/search/synvisc,"eur, search, synvisc"
SAN-0468,https://www.vaxishop.co.uk/uk/en_GB/GBP/influenza/order/0127234098,"gbp, influenza, order"
SAN-0469,https://www.vaxishop.co.uk/uk/en_GB/GBP/influenza/order/0127234098,"gbp, influenza, order"
SAN-0470,https://www.e-mr.sanofi.co.jp/products/apidra,"products, apidra"
SAN-0471,https://www.campus.sanofi/at/profil-erstellen,"profil, erstellen"
SAN-0472,https://www.e-mr.sanofi.co.jp/products/onetaxotere,"products, onetaxotere"
SAN-0473,https://www.e-mr.sanofi.co.jp/products/dupixent_2/product_info/expert_lecture/movie_0013,"products, dupixent, product, info, expert, lecture, movie"
SAN-0474,https://www.e-mr.sanofi.co.jp/products/targocid/faq,"products, targocid, faq"
SAN-0475,https://pro.campus.sanofi/nl/astma/educatie/gina-beveelt-dupixent-aan,"astma, educatie, gina, beveelt, dupixent, aan"
SAN-0476,https://www.sanofipro.fr/fr/fr/EUR/search/synvisc,"eur, search, synvisc"
SAN-0477,https://www.vaxishop.co.uk/uk/en_GB/GBP/influenza/order/0127234098,"gbp, influenza, order"
SAN-0478,https://www.vaxishop.co.uk/uk/en_GB/GBP/influenza/order/0127234098,"gbp, influenza, order"
SAN-0479,https://www.e-mr.sanofi.co.jp/products/apidra,"products, apidra"
SAN-0480,https://www.campus.sanofi/at/profil-erstellen,"profil, erstellen"
SAN-0481,https://www.e-mr.sanofi.co.jp/products/onetaxotere,"products, onetaxotere"
SAN-0482,https://www.e-mr.sanofi.co.jp/products/dupixent_2/product_info/expert_lecture/movie_0013,"products, dupixent, product, info, expert, lecture, movie"
SAN-0483,https://www.e-mr.sanofi.co.jp/products/targocid/faq,"products, targocid, faq"
SAN-0484,https://pro.campus.sanofi/nl/astma/educatie/gina-beveelt-dupixent-aan,"astma, educatie, gina, beveelt, dupixent, aan"
SAN-0485,https://www.sanofipro.fr/fr/fr/EUR/search/synvisc,"eur, search, synvisc"
SAN-0486,https://www.vaxishop.co.uk/uk/en_GB/GBP/influenza/order/0127234098,"gbp, influenza, order"
SAN-0487,https://www.vaxishop.co.uk/uk/en_GB/GBP/influenza/order/0127234098,"gbp, influenza, order"
SAN-0488,https://www.e-mr.sanofi.co.jp/products/apidra,"products, apidra"
SAN-0489,https://www.campus.sanofi/at/profil-erstellen,"profil, erstellen"
SAN-0490,https://www.e-mr.sanofi.co.jp/products/onetaxotere,"products, onetaxotere"
SAN-0491,https://www.e-mr.sanofi.co.jp/products/dupixent_2/product_info/expert_lecture/movie_0013,"products, dupixent, product, info, expert, lecture, movie"
SAN-0492,https://www.e-mr.sanofi.co.jp/products/targocid/faq,"products, targocid, faq"
SAN-0493,https://pro.campus.sanofi/nl/astma/educatie/gina-beveelt-dupixent-aan,"astma, educatie, gina, beveelt, dupixent, aan"
SAN-0494,https://www.sanofipro.fr/fr/fr/EUR/search/synvisc,"eur, search, synvisc"
SAN-0495,https://www.vaxishop.co.uk/uk/en_GB/GBP/influenza/order/0127234098,"gbp, influenza, order"
SAN-0496,https://www.vaxishop.co.uk/uk/en_GB/GBP/influenza/order/0127234098,"gbp, influenza, order"
SAN-0497,https://www.e-mr.sanofi.co.jp/products/apidra,"products, apidra"
SAN-0498,https://www.campus.sanofi/at/profil-erstellen,"profil, erstellen"
SAN-0499,https://www.e-mr.sanofi.co.jp/products/onetaxotere,"products, onetaxotere"
SAN-0500,https://www.e-mr.sanofi.co.jp/products/dupixent_2/product_info/expert_lecture/movie_0013,"products, dupixent, product, info, expert, lecture, movie"
